window_type,window_value,feature,corr_with_log_volume_raw,corr_with_log_volume_resid,n
time,10,leaf_fraction,0.38059659330755513,1.4226769462933353e-15,2281
time,10,internal_fraction,-0.380596593307555,1.1505802625760308e-15,2281
time,10,depth_mean_norm,-0.24333099018653012,-7.041147062559644e-16,2281
time,10,depth_std_norm,-0.39987519297375,6.346703850191498e-16,2281
time,10,depth_entropy_norm,-0.2912655763441366,1.1814156019071842e-15,2281
time,10,depth_p90_norm,-0.1439175529864566,6.086063464522354e-16,2281
time,10,degree_gini,0.740496297968104,-2.897528900367949e-16,2281
time,10,branching_entropy_norm,0.16902840910788186,1.2395066202364267e-16,2281
time,10,subtree_imbalance,0.16636431606977667,-7.559612344034447e-17,2281
time,10,virality_norm,-0.5753245829138152,1.3477698259979704e-15,2281
time,20,leaf_fraction,0.30963652809305764,1.96391638406909e-15,2281
time,20,internal_fraction,-0.30963652809305753,-3.978425461872981e-16,2281
time,20,depth_mean_norm,-0.3211505472304728,-4.985039371512302e-16,2281
time,20,depth_std_norm,-0.3467946919216776,8.74404757340347e-17,2281
time,20,depth_entropy_norm,-0.24496995148242723,-1.0680550029074117e-16,2281
time,20,depth_p90_norm,-0.22288498714301136,3.0918947002283397e-16,2281
time,20,degree_gini,0.6926753843928997,5.407854513918809e-17,2281
time,20,branching_entropy_norm,0.11481836844829792,-5.089922339213131e-17,2281
time,20,subtree_imbalance,0.16430547715585078,-1.5781671187974356e-17,2281
time,20,virality_norm,-0.5909611639490178,2.055160532637711e-17,2281
time,30,leaf_fraction,0.2800306099083198,-5.6496972971091245e-15,2281
time,30,internal_fraction,-0.2800306099083197,-6.586146137820217e-16,2281
time,30,depth_mean_norm,-0.3472502285507364,-7.94688200706823e-16,2281
time,30,depth_std_norm,-0.31844804961591355,-4.3686030391019606e-16,2281
time,30,depth_entropy_norm,-0.2178555594128251,-9.621526246106723e-16,2281
time,30,depth_p90_norm,-0.24735310503684138,-1.0952375580041672e-15,2281
time,30,degree_gini,0.6682330900138401,-1.3158667678775431e-15,2281
time,30,branching_entropy_norm,0.059549458852504816,-4.665080197030008e-16,2281
time,30,subtree_imbalance,0.15586605404031845,5.334977672738867e-17,2281
time,30,virality_norm,-0.5840866960656081,-3.760374181683849e-16,2281
time,45,leaf_fraction,0.24836994498278153,-2.3923110019053103e-15,2281
time,45,internal_fraction,-0.24836994498278153,-4.647732273456367e-16,2281
time,45,depth_mean_norm,-0.38029007639303153,9.9587955731845e-17,2281
time,45,depth_std_norm,-0.28992405334774063,3.5336073166851665e-16,2281
time,45,depth_entropy_norm,-0.19541601027098263,7.270053027265663e-17,2281
time,45,depth_p90_norm,-0.2636244818474023,-4.1881374450908216e-16,2281
time,45,degree_gini,0.6340985959845193,-1.0517009600030862e-15,2281
time,45,branching_entropy_norm,0.015703121568087865,-7.42332128805947e-17,2281
time,45,subtree_imbalance,0.1377438256320739,-1.171614217184225e-17,2281
time,45,virality_norm,-0.5869500544463556,3.6458165554756896e-16,2281
time,60,leaf_fraction,0.22844318109081613,1.3244027395365449e-15,2281
time,60,internal_fraction,-0.22844318109081616,4.837537464973842e-17,2281
time,60,depth_mean_norm,-0.3708273215198477,6.592103700322187e-16,2281
time,60,depth_std_norm,-0.26918769553373884,-1.254333978775533e-16,2281
time,60,depth_entropy_norm,-0.17961801970878014,-2.3794082632739206e-16,2281
time,60,depth_p90_norm,-0.26954924567540683,-6.318992652550145e-16,2281
time,60,degree_gini,0.6190519135980306,7.776052657221612e-18,2281
time,60,branching_entropy_norm,-0.020667097743731145,3.6334011378521054e-17,2281
time,60,subtree_imbalance,0.13239868296676324,2.367092417390857e-17,2281
time,60,virality_norm,-0.5577057582707258,-2.5234855017865886e-16,2281
time,90,leaf_fraction,0.16489670593976974,-6.284828002461565e-16,2281
time,90,internal_fraction,-0.1648967059397697,-1.6788239184657603e-16,2281
time,90,depth_mean_norm,-0.33769459221726883,-1.1410460045865799e-15,2281
time,90,depth_std_norm,-0.21455569591135432,-3.40074083601983e-16,2281
time,90,depth_entropy_norm,-0.12223468954544574,-4.038805094713814e-16,2281
time,90,depth_p90_norm,-0.23616009364513535,-2.6873475780667006e-17,2281
time,90,degree_gini,0.5983889457821985,-1.409817566587694e-15,2281
time,90,branching_entropy_norm,-0.019739918949400446,-1.3726048817261884e-17,2281
time,90,subtree_imbalance,0.1352146558811304,6.325914281971058e-17,2281
time,90,virality_norm,-0.5342109277803391,1.4947060357734934e-16,2281
time,120,leaf_fraction,0.15158361352187574,2.4846768780775623e-15,2281
time,120,internal_fraction,-0.15158361352187563,1.8125079411847542e-16,2281
time,120,depth_mean_norm,-0.3318898487637477,-2.744829648367553e-16,2281
time,120,depth_std_norm,-0.20015674724157193,8.031880300469282e-17,2281
time,120,depth_entropy_norm,-0.11017305147153121,5.335810413051044e-16,2281
time,120,depth_p90_norm,-0.2404899138908076,-8.473185968681549e-17,2281
time,120,degree_gini,0.5874096330936333,1.1972424389406664e-15,2281
time,120,branching_entropy_norm,-0.007535005907444836,4.946770428596781e-16,2281
time,120,subtree_imbalance,0.14667839090723525,-5.628210878809418e-17,2281
time,120,virality_norm,-0.5205435117414943,3.5314208265282565e-16,2281
time,180,leaf_fraction,0.15955737434730424,-6.99844807690395e-16,2281
time,180,internal_fraction,-0.15955737434730424,-3.1876753184160777e-16,2281
time,180,depth_mean_norm,-0.3792681766046698,2.4934357892855775e-16,2281
time,180,depth_std_norm,-0.21638052084493536,-4.146837104367626e-16,2281
time,180,depth_entropy_norm,-0.12465190007917161,1.3588737807414436e-16,2281
time,180,depth_p90_norm,-0.2813089203064708,-1.1018404428381151e-15,2281
time,180,degree_gini,0.5481519918637147,4.799838961036138e-16,2281
time,180,branching_entropy_norm,-0.027576757290004986,-1.0287965242875665e-16,2281
time,180,subtree_imbalance,0.14433932022539703,1.210552855324042e-16,2281
time,180,virality_norm,-0.5240626967817569,-3.205646444813357e-16,2281
k,10,leaf_fraction,1.0,,2281
k,10,internal_fraction,-1.0,,2281
k,10,depth_mean_norm,,,2281
k,10,depth_std_norm,-1.0,,2281
k,10,depth_entropy_norm,,,2281
k,10,depth_p90_norm,,,2281
k,10,degree_gini,1.0,,2281
k,10,branching_entropy_norm,,,2281
k,10,subtree_imbalance,,,2281
k,10,virality_norm,-1.0,,2281
k,20,leaf_fraction,-7.448221917187868e-14,-1.4353204424800822e-16,2281
k,20,internal_fraction,5.606982781150255e-15,1.838217408790278e-16,2281
k,20,depth_mean_norm,2.4060066172919523e-14,-7.662441456343797e-17,2281
k,20,depth_std_norm,1.1935991346648892e-15,1.1973604764758078e-16,2281
k,20,depth_entropy_norm,-1.6253893724496301e-15,-7.752679572539355e-17,2281
k,20,depth_p90_norm,-9.772167655859289e-17,-7.472834089774751e-17,2281
k,20,degree_gini,-5.611196877137176e-13,8.45905606929273e-17,2281
k,20,branching_entropy_norm,7.461101132841537e-17,6.839342705104743e-17,2281
k,20,subtree_imbalance,1.7782025481836562e-16,1.7782025481836562e-16,2281
k,20,virality_norm,1.2983867007931698e-14,-6.785047558492735e-18,2281
k,30,leaf_fraction,1.2299655882810766e-14,-6.452539679453832e-17,2281
k,30,internal_fraction,-1.362202821218031e-15,6.611861646847755e-17,2281
k,30,depth_mean_norm,8.553152352826504e-15,1.4088803917291343e-16,2281
k,30,depth_std_norm,-1.976604998175102e-15,-6.53992076017883e-17,2281
k,30,depth_entropy_norm,-1.2177159317484137e-15,-4.990639064542679e-17,2281
k,30,depth_p90_norm,-7.621181645400226e-15,1.6146571282627597e-17,2281
k,30,degree_gini,-1.1173455794245175e-13,1.2519599933930158e-16,2281
k,30,branching_entropy_norm,1.7138778161958396e-16,1.6687757684012123e-16,2281
k,30,subtree_imbalance,-2.3522170564232678e-17,-2.3522170564232678e-17,2281
k,30,virality_norm,1.0482076326374804e-14,-1.621254996005442e-16,2281
k,45,leaf_fraction,4.3603349063533125e-15,-7.827728887735334e-17,2281
k,45,internal_fraction,2.0946422671810282e-16,4.203780328598603e-17,2281
k,45,depth_mean_norm,-9.01746291756792e-16,-3.610888830627847e-17,2281
k,45,depth_std_norm,8.320196369229181e-17,5.206663765649708e-17,2281
k,45,depth_entropy_norm,4.306808635967424e-16,9.718285720770647e-17,2281
k,45,depth_p90_norm,3.3916557544097285e-15,8.219573894615413e-17,2281
k,45,degree_gini,-3.695014769005293e-14,-2.5681360516848563e-17,2281
k,45,branching_entropy_norm,-6.228378539066888e-18,-6.228378539066888e-18,2281
k,45,subtree_imbalance,-3.257948450340324e-17,-3.257948450340324e-17,2281
k,45,virality_norm,1.6645023142780407e-15,-9.314438822631477e-17,2281
k,60,leaf_fraction,0.2656860604842771,1.455421098916324e-14,2281
k,60,internal_fraction,-0.2656860604842772,-6.445635169566324e-15,2281
k,60,depth_mean_norm,-0.09426141137903415,-1.6259406416519894e-14,2281
k,60,depth_std_norm,-0.17246139898601137,-2.881118965655309e-14,2281
k,60,depth_entropy_norm,-0.11460354103786811,-1.8317352696733723e-14,2281
k,60,depth_p90_norm,0.29333117809518056,1.193090732934533e-14,2281
k,60,degree_gini,0.12657919327092923,1.1433533419502814e-14,2281
k,60,branching_entropy_norm,-0.0965264845876148,-2.5444852597430655e-14,2281
k,60,subtree_imbalance,-0.02973938336578263,-1.731916975619784e-14,2281
k,60,virality_norm,-0.1787258828206234,-1.257209645693884e-14,2281
k,90,leaf_fraction,0.1525775090655791,1.9605513789260965e-15,2281
k,90,internal_fraction,-0.15257750906557913,-7.310650920066307e-16,2281
k,90,depth_mean_norm,-0.08120609000084922,-5.653234773272266e-16,2281
k,90,depth_std_norm,-0.10844118802572328,-1.2931484592574462e-15,2281
k,90,depth_entropy_norm,-0.084434705265932,2.297222172650376e-16,2281
k,90,depth_p90_norm,0.20610260124506172,-2.489596583807498e-15,2281
k,90,degree_gini,0.10269373524515073,8.358779127643097e-15,2281
k,90,branching_entropy_norm,-0.07275145213215194,-2.5384467750026993e-16,2281
k,90,subtree_imbalance,-0.020108199050301288,-5.767989016909317e-16,2281
k,90,virality_norm,-0.29777356785467274,4.629106887539943e-15,2281
k,120,leaf_fraction,0.42285444545727346,6.365223229021985e-15,2281
k,120,internal_fraction,-0.42285444545727313,4.146539074771907e-15,2281
k,120,depth_mean_norm,-0.34625057799827086,6.735512547692612e-15,2281
k,120,depth_std_norm,-0.3998355713229209,1.1585025845745969e-14,2281
k,120,depth_entropy_norm,-0.3335862807307201,7.269843830026095e-15,2281
k,120,depth_p90_norm,0.5020744612617989,-4.213417371711578e-14,2281
k,120,degree_gini,0.3388683480716457,2.2320057446905268e-14,2281
k,120,branching_entropy_norm,-0.31187159309745527,1.803710266317358e-14,2281
k,120,subtree_imbalance,-0.2947242164017737,9.080331816019625e-15,2281
k,120,virality_norm,-0.6362846610253146,1.388780894520126e-14,2281
k,180,leaf_fraction,0.5453279996059192,-2.2449618582246813e-15,2281
k,180,internal_fraction,-0.5453279996059188,5.6627291049314186e-15,2281
k,180,depth_mean_norm,-0.4891368559632987,5.4984372520487735e-15,2281
k,180,depth_std_norm,-0.5185490091396564,6.0331673619787044e-15,2281
k,180,depth_entropy_norm,-0.48270396928121473,6.595471731204363e-15,2281
k,180,depth_p90_norm,0.6278608547742376,-5.566425427516711e-15,2281
k,180,degree_gini,0.44425028262370964,4.200146209187883e-15,2281
k,180,branching_entropy_norm,-0.47850847408479535,6.2166505866961516e-15,2281
k,180,subtree_imbalance,-0.3775328303644747,1.440528144112883e-15,2281
k,180,virality_norm,-0.7690332972940487,6.731556787977468e-15,2281
